clean_formula,overpotential_mV,tafel_mV_per_dec,paper,n_metals,source
AlCoCuFeNi,9.7,56.9,paper51.pdf|paper88.pdf,5,text
FeNiPt,10.0,,paper13.pdf,3,text
CoCuFeNiPt,11.0,,paper89.pdf,5,text
AlCoMoNiRu,11.0,,paper100.pdf,5,text
PtRhSn,11.0,,paper106.pdf,3,text
MoNiPdPtRh,11.08,,paper1.pdf|paper58.pdf,5,table|text
GaInMoNiPd,11.75,,paper100.pdf|paper5.pdf,5,text
CoFeIrNiPt,12.0,,paper6.pdf,5,text
AuCoFeNiPd,13.0,,paper16.pdf,5,text
CoCuFeMnMoNi,14.333333333333334,,paper104.pdf,6,text
CuIrNiPdPt,15.0,,paper15.pdf,5,text
CuIrPdPtRh,15.0,37.0,paper7.pdf,5,text
CoCuFeNi,15.5,29.0,paper100.pdf|paper41.pdf,4,text
CuFeNiPtW,16.6,25.5,paper2.pdf,5,text
IrNiPt,16.9,,paper6.pdf,3,text
IrMoPdSnZn,17.0,,paper16.pdf,5,text
AlCoFeNiZr,22.6,,paper100.pdf,5,text
CoFeNiPtRh,28.0,27.6,paper84.pdf,5,text
MoNiPdRu,30.0,,paper83.pdf,4,text
CoCuFeNiTi,31.0,,paper93.pdf,5,text
CoFeNiPtRu,37.871428571428574,96.0,paper77.pdf|paper97.pdf,5,text
IrPdPtRhRu,38.5,,paper12.pdf|paper4.pdf|paper48.pdf|paper76.pdf|paper9.pdf|paper95.pdf,5,text
CoFeIrMnNiPt,41.0,,paper84.pdf,6,text
CoFeIrNiPtZn,41.25,,paper6.pdf,6,text
CoCuNi,47.0,,paper93.pdf,3,text
CoMnNiPdPt,48.7,,paper10.pdf,5,text
AlCuFeMoNi,56.0,,paper20.pdf,5,text
CoFeMoNi,64.9,95.9,paper90.pdf,4,text
CoCrCuFeNiPt,65.9,,paper100.pdf,6,text
CoFeIrPdPt,66.0,,paper11.pdf|paper20.pdf|paper91.pdf,5,text
IrMoRhRuW,70.0,,paper100.pdf,5,text
ReRuSn,70.07,,paper100.pdf,3,text
CoFeMnMoRu,71.0,,paper100.pdf,5,text
CoCuFeNiPd,78.66666666666667,,paper14.pdf|paper20.pdf,5,text
IrMoSnZn,90.56666666666666,,paper16.pdf,4,text
FeMoNi,97.0,,paper107.pdf|paper93.pdf,3,text
IrNiTa,100.0,,paper19.pdf,3,table
CoCrFeMoNi,100.0,,paper107.pdf,5,text
IrPdPt,119.0,,paper15.pdf,3,text
CoFeNi,127.0,,paper84.pdf,3,text
CoFeNiRu,141.5,,paper92.pdf,4,text
CoFeMnMoNi,146.5,,paper100.pdf,5,text
CoCrFeMnNi,149.66666666666666,37.9,paper100.pdf|paper24.pdf|paper84.pdf,5,text
CoFeMoNiW,165.5,,paper90.pdf,5,text
FeNiZn,187.74,,paper35.pdf,3,text
CrCuIrNiPt,190.0,,paper94.pdf,5,text
CoFeMoNiRu,199.0,54.5,paper100.pdf,5,text
CoFeNiZn,221.0,,paper96.pdf,4,text
CoCuFeMnNi,235.66666666666666,,paper100.pdf,5,text
CoFeMnNi,236.0,64.0,paper100.pdf,4,text
CoFeMoNiZn,247.33333333333334,,paper96.pdf,5,text
CoFeIrNiRu,261.0,,paper100.pdf,5,text
AgCoCuFeMo,270.0,,paper100.pdf,5,text
CoCuFeMoNi,286.0,136.0,paper100.pdf,5,text
