paper,catalyst_formula,overpotential_mV,tafel_mV_per_dec,sentence,n_metals,clean_formula
paper1.txt,PtMoPdRhNi,9.7,,"Through the exploration of the atomic ratio of PtMoPdRhNi, the obtained Pt Mo Pd Rh Ni NCswiththestrongestd–delectroninteractiondisplaythehighestalkalinehydro- 28 6 28 27 15 gen evolution reaction (HER) activity, with the overpotential as low as 9.7 mV at a current density of (cid:2)10 mA cm(cid:2)2.",5,MoNiPdPtRh
paper1.txt,PtMoPdRhNi,16.6,,"4a, both PtMoPdRhNi loss is negligible and the overpotential at (cid:2)10 mA cm(cid:2)2 is NPsandPtMoPdRhNiNCsexhibitenhancedHERactivityover 16.6 mV, which is a negative shift by 6.9 mV compared to the commercialPt/C,andthePtMoPdRhNiNCspossessextremely initialvalue(Fig.4e).TheSTEMimagesofPt Mo Pd Rh Ni 28 6 28 27 15 enhanced HER performance compare",5,MoNiPdPtRh
paper10.txt,PtPdCoNiMn,48.7,,"Thisaspectisaddressed,inthisstudybyexploringthe generateH ,whichisladenwithissueslike 2 logicalselectionofsolvents,reducingagents,andcappingagents,alongwith high production cost, efficiency, and dura- theirrelativefractions,inthesolvothermalsynthesisoftheHEAcomprising bilityofthecatalystused.[3]Pt/Cisthecom- mercialcatalystusedasthecathodeforwa- pl",5,CoMnNiPdPt
paper11.txt,MoPdRh,42.0,82.0,"Co-Fe-Pt,[30]Pt(Co/Ni)MoPdRh,[31]andPt-Ru-M(M=Cr,Fe,Co, potentialof42mVat−10mAcm−2lowerthanPt/CwithaTafel Ni,Mo)[32]aresomeofthePt-basedalloysstudiedforHER. slope value of 82 mV dec−1.",3,MoPdRh
paper13.txt,PtNiFe,10.0,,"In an alkaline medium, the PtNiFe- 4.3.Non-NobleMetalHEAs CoCu displays a minimal overpotential of only 10 mV at a current density of 10 mA cm−2.[135] The mass activity of the Non-precious metal HEAs, without the addition of noble met- HER reached 10.96 A mg−1 at −0.07 V versus reversible hy- als,havealsobeencontinuouslydeveloped.",3,FeNiPt
paper14.txt,PdFeCoNiCu,18.0,,"Theelectrocatalyticpropertiesof the PdFeCoNiCu HEA NPs show that the mass activity of Fig.4 (a)Asideviewofthestructuralconfigurationandrealspatial PdFeCoNiCu/Creached6.51Amg (cid:1)1at(cid:1)0.07Vvs.RHE,and contour plots for bonding and anti-bonding orbitals near E F for the the overpotential is only 18 mV (1 P 0 d mA cm (cid:1)2) for the alkaline ",5,CoCuFeNiPd
paper15.txt,PtPdIr,119.0,20.5,"Linear sweep voltamme- 2 ladium acetylacetonate Pd(acac) , iridium acetylacetonate Ir(acac) , try (LSV) curves (Figure 5f) show superior activity for PtPdIr- 2 3 rutheniumacetylacetonateRu(acac) ,cobaltacetylacetonateCo(acac) , NiCu/C, with the overpotentials of 25.5 and 119 mV at 10 and nickelacetylacetonatedihydrateNi(a 3 cac) ·2H O,copperacetyla",3,IrPdPt
paper16.txt,AuPdFeNiCo,13.0,,"A,2026,14,4693–4708 | 4693 JournalofMaterialsChemistryA Paper of materials, including high-entropy oxides, carbides, hydrox- acidicmediumthatachievedacurrentdensityof−10mAcm −2 ides, metal–organic frameworks (MOFs), and uorides.23 at an overpotential of only 13 mV, maintaining exceptional Amongthem,high-entropyalloys(HEAs)havegarneredpartic- durab",5,AuCoFeNiPd
paper16.txt,PdIrSnZnMo,17.0,,"Notably, the PdIrSnZnMo HEA with 0.05 M Pd exhibitedanultra-lowoverpotentialof17mVtoachieveacurrentdensityof−10mAcm−2inanacidic medium, surpassing the conventional Pt/C electrocatalyst.",5,IrMoPdSnZn
paper16.txt,IrSnZnMo,17.0,,"Among the tested showninFig.8(a,dandg)andFig.9(aandd),itisevidentthat compositions, Pd IrSnZnMo (0.05 M Pd) exhibited the best 0.05 theTDOSnearthehighestoccupiedmolecularorbital(HOMO) HER performance in an acidic medium (0.5 M H SO ), 2 4 is primarily dominated by the d-electron orbitals of the requiring only 17 mV overpotential to achieve −10 mA c",4,IrMoSnZn
paper16.txt,IrSnZnMo,52.7,,"The slope of the linear t corresponds to the Tafel equation 2 (eqn(3)): ThecalculatedTafelslopevaluesforPd IrSnZnMo,Pd - 0.01 0.02 dðlogjÞ 2:303RT IrSnZnMo, Pd IrSnZnMo, Pd IrSnZnMo, and Pd - Slope for cathodic reaction/ ¼ : (3) 0.03 0.04 0.05 dðhÞ (cid:3)a nF IrSnZnMo HEAs were106.2, 93.3, 60.3, 101.6, and 52.7 mV per c dec.respectively.",4,IrMoSnZn
paper17.txt,CuAlNiMoFe,23.0,,"While for the electrode that is assembled with the pulverized It can achieve a geometric current density of 10 mA cm−2 at high-entropy CuAlNiMoFe particles by using Nafion as polymer the record-low overpotential of ≈23 mV, outperforming nano- binder to maintain electrical contact, it exhibits very poor HER porous CuAlNi (≈202 mV) and CuAlNiMo (≈53 ",5,AlCuFeMoNi
paper17.txt,CuAlNi,23.0,,"While for the electrode that is assembled with the pulverized It can achieve a geometric current density of 10 mA cm−2 at high-entropy CuAlNiMoFe particles by using Nafion as polymer the record-low overpotential of ≈23 mV, outperforming nano- binder to maintain electrical contact, it exhibits very poor HER porous CuAlNi (≈202 mV) and CuAlNiMo (≈53 ",3,AlCuNi
paper17.txt,CuAlNiMo,23.0,,"While for the electrode that is assembled with the pulverized It can achieve a geometric current density of 10 mA cm−2 at high-entropy CuAlNiMoFe particles by using Nafion as polymer the record-low overpotential of ≈23 mV, outperforming nano- binder to maintain electrical contact, it exhibits very poor HER porous CuAlNi (≈202 mV) and CuAlNiMo (≈53 ",4,AlCuMoNi
paper17.txt,CuNiMoFe,48.0,64.0,"As a consequence of remark- the values reported for non-noble HER catalysts operating in ably enhanced activity of the BCC high-entropy CuNiMoFe neutral media (Table S3, Supporting Information), such as surface, the monolithic nanoporous CuAlNiMoFe electrodes CrO /Cu–Ni (48 mV and 64 mV dec−1),[7] RhP (38 mV and exhibit superior HER electrocatalysi",4,CuFeMoNi
paper17.txt,CuAlNiMoFe,48.0,64.0,"As a consequence of remark- the values reported for non-noble HER catalysts operating in ably enhanced activity of the BCC high-entropy CuNiMoFe neutral media (Table S3, Supporting Information), such as surface, the monolithic nanoporous CuAlNiMoFe electrodes CrO /Cu–Ni (48 mV and 64 mV dec−1),[7] RhP (38 mV and exhibit superior HER electrocatalysi",5,AlCuFeMoNi
paper17.txt,CuNiMoFe,50.0,,To electrode is tested at the overpotential of 50 mV for more than 2 estimate the intrinsic activity of the high-entropy CuNiMoFe 200 h in 1 m KOH.,4,CuFeMoNi
paper17.txt,CuAlNiMoFe,50.0,58.0,"a) Long-term stability measurement of nanoporous CuAlNiMoFe alloy electrode at overpotential of 50 mV in 1 m KOH electrolyte for 200 h. Insets: Polarization curves (left) and SEM image of nanoporous CuAlNiMoFe electrode after long-term stability test for 200 h. b–d) High-resolution Ni 2p (b), Fe 2p (c), and Mo 3d (d) XPS spectra of nanoporous CuAlN",5,AlCuFeMoNi
paper17.txt,CuAlNiMo,50.0,58.0,"a) Long-term stability measurement of nanoporous CuAlNiMoFe alloy electrode at overpotential of 50 mV in 1 m KOH electrolyte for 200 h. Insets: Polarization curves (left) and SEM image of nanoporous CuAlNiMoFe electrode after long-term stability test for 200 h. b–d) High-resolution Ni 2p (b), Fe 2p (c), and Mo 3d (d) XPS spectra of nanoporous CuAlN",4,AlCuMoNi
paper17.txt,CuAlNi,50.0,58.0,"a) Long-term stability measurement of nanoporous CuAlNiMoFe alloy electrode at overpotential of 50 mV in 1 m KOH electrolyte for 200 h. Insets: Polarization curves (left) and SEM image of nanoporous CuAlNiMoFe electrode after long-term stability test for 200 h. b–d) High-resolution Ni 2p (b), Fe 2p (c), and Mo 3d (d) XPS spectra of nanoporous CuAlN",3,AlCuNi
paper17.txt,CuAlNiMoFe,50.0,,Inset: stability test at the overpotential of 50 mV and the SEM image of nanoporous CuAlNiMoFe electrode after stability test.,5,AlCuFeMoNi
paper17.txt,CuAlNiMoFe,100.0,,"Along with the Tafel potential of 100 mV. As shown in the Nyquist plots (Figure 3d), slope and the overpotential at 10 mA cm−2 that are smaller than the EIS spectra of nanoporous electrocatalytic electrode display those of state-of-the-art nonprecious catalysts previous reported characteristic semicircles, but with different diameters that rep- (Ta",5,AlCuFeMoNi
paper17.txt,CuNiMoFe,176.0,,"Moreover, this overpotential imply the key role of Ni–Mo–Fe as the active center in the is ≈176 mV lower than that of nanoporous Cu supported Pt/C surface high-entropy CuNiMoFe alloy for the alkaline HER, electrode probably due to the insulating polymer binder cov- wherein the Ni(Fe) and Mo sites have high binding energies ering the electroactive P",4,CuFeMoNi
paper17.txt,CuAlNi,240.0,,"Comparison of specific activity at the overpotential of 240 mV for nanoporous Cu, CuAlNi, CuAlNiMo, CuAlNiMoFe, and CuAlNiFe electrodes.",3,AlCuNi
paper17.txt,CuAlNiMo,240.0,,"Comparison of specific activity at the overpotential of 240 mV for nanoporous Cu, CuAlNi, CuAlNiMo, CuAlNiMoFe, and CuAlNiFe electrodes.",4,AlCuMoNi
paper17.txt,CuAlNiMoFe,240.0,,"Comparison of specific activity at the overpotential of 240 mV for nanoporous Cu, CuAlNi, CuAlNiMo, CuAlNiMoFe, and CuAlNiFe electrodes.",5,AlCuFeMoNi
paper17.txt,CuAlNiFe,240.0,,"Comparison of specific activity at the overpotential of 240 mV for nanoporous Cu, CuAlNi, CuAlNiMo, CuAlNiMoFe, and CuAlNiFe electrodes.",4,AlCuFeNi
paper17.txt,CuAlNi,240.0,76.0,"high current density of ≈1840 mA cm−2 at the overpotential of For comparison, the polarization curve of commercially avail- as low as 240 mV, in sharp contrast with nanoporous CuAlNi, able Pt/C catalysts that are immobilized on nanoporous Cu by CuAlNiFe, and CuAlNiMo electrodes with the Tafel slopes of using Nafion as polymer binder to maintain ele",3,AlCuNi
paper17.txt,CuAlNiFe,240.0,76.0,"high current density of ≈1840 mA cm−2 at the overpotential of For comparison, the polarization curve of commercially avail- as low as 240 mV, in sharp contrast with nanoporous CuAlNi, able Pt/C catalysts that are immobilized on nanoporous Cu by CuAlNiFe, and CuAlNiMo electrodes with the Tafel slopes of using Nafion as polymer binder to maintain ele",4,AlCuFeNi
paper17.txt,CuAlNiMo,240.0,76.0,"high current density of ≈1840 mA cm−2 at the overpotential of For comparison, the polarization curve of commercially avail- as low as 240 mV, in sharp contrast with nanoporous CuAlNi, able Pt/C catalysts that are immobilized on nanoporous Cu by CuAlNiFe, and CuAlNiMo electrodes with the Tafel slopes of using Nafion as polymer binder to maintain ele",4,AlCuMoNi
paper17.txt,CuNiMoFe,240.0,,"As illustrated in representative of Fe, Ni, or Mo atoms (Figure S11b, Supporting Information), SEM image of nanoporous CuAlNiMoFe electrode after long- the intrinsic activity of high-entropy CuNiMoFe is evaluated term durability test, it displays the initial microstructure (inset to be ≈580 µA cm−2 at the overpotential of 240 mV.",4,CuFeMoNi
paper18.txt,CoNiCuCr,29.0,,"veals the weight percent of 7.33% for Pt, 0.92% for Fe, 1.04% quencetoyieldPtFeCoNiCuCr@HCS,thelocalelectronicstruc- for Co, 2.23% for Ni, 3.13% for Cu, and 0.26% for Cr in PtFe- ture of the material is optimized, leading to a multi-site syner- CoNiCuCr@HCS(FigureS5a,SupportingInformation),which gisticeffectthatenablesanimprovedHERperformancewithan",4,CoCrCuNi
paper18.txt,PtFeCoN,29.0,,"Herein,afurtheranalysis could significantly enhance the performance with PtFeCoN- oftheBrunner-Emmet-Teller(BET)specificsurfaceareaforPt- iCuCr@HCS demonstrating a lowest overpotential of 29 mV FeCoNi@HCS,PtFeCoNiCu@HCS,andPtFeCoNiCuCr@HCS at 10 mA cm−2 (Figure 4a), outperforming that of PtFeCoN- wasconducted,asillustratedinFigureS14(SupportingInfo",3,CoFePt
paper18.txt,FeCoNi,29.0,,"Herein,afurtheranalysis could significantly enhance the performance with PtFeCoN- oftheBrunner-Emmet-Teller(BET)specificsurfaceareaforPt- iCuCr@HCS demonstrating a lowest overpotential of 29 mV FeCoNi@HCS,PtFeCoNiCu@HCS,andPtFeCoNiCuCr@HCS at 10 mA cm−2 (Figure 4a), outperforming that of PtFeCoN- wasconducted,asillustratedinFigureS14(SupportingInfo",3,CoFeNi
paper18.txt,PtFeCoNiCu,29.0,,"Herein,afurtheranalysis could significantly enhance the performance with PtFeCoN- oftheBrunner-Emmet-Teller(BET)specificsurfaceareaforPt- iCuCr@HCS demonstrating a lowest overpotential of 29 mV FeCoNi@HCS,PtFeCoNiCu@HCS,andPtFeCoNiCuCr@HCS at 10 mA cm−2 (Figure 4a), outperforming that of PtFeCoN- wasconducted,asillustratedinFigureS14(SupportingInfo",5,CoCuFeNiPt
paper18.txt,PtFeCoNiCuMn,29.0,,"Herein,afurtheranalysis could significantly enhance the performance with PtFeCoN- oftheBrunner-Emmet-Teller(BET)specificsurfaceareaforPt- iCuCr@HCS demonstrating a lowest overpotential of 29 mV FeCoNi@HCS,PtFeCoNiCu@HCS,andPtFeCoNiCuCr@HCS at 10 mA cm−2 (Figure 4a), outperforming that of PtFeCoN- wasconducted,asillustratedinFigureS14(SupportingInfo",6,CoCuFeMnNiPt
paper18.txt,PtFeCoNiCuMo,29.0,,"Herein,afurtheranalysis could significantly enhance the performance with PtFeCoN- oftheBrunner-Emmet-Teller(BET)specificsurfaceareaforPt- iCuCr@HCS demonstrating a lowest overpotential of 29 mV FeCoNi@HCS,PtFeCoNiCu@HCS,andPtFeCoNiCuCr@HCS at 10 mA cm−2 (Figure 4a), outperforming that of PtFeCoN- wasconducted,asillustratedinFigureS14(SupportingInfo",6,CoCuFeMoNiPt
paper18.txt,FeCoNiCrRu,174.0,,"herent3DstructureofHCS(Figure1c),ensuringthedistribu- ergybarrierforwaterdissociationandadsorptionfreeenergyof tion of HEA nanoparticles with a diameter of ≈5 nm (Figures H*.Asaresult,theHERoverpotentialofFeCoNiMnRu/CNFin S3a,b, Supporting Information) throughout the carbon shell 1MKOHat100mAcm−2was55and174mVlowerthanthatof (Figures1d,e).High-resol",5,CoCrFeNiRu
paper18.txt,PtFeCoNiMo,188.0,,"The linear sweep voltammetry (LSV) curves of the PtFe- PtFeCoNiMo@HCS(188mV).Eventhrough100mAcm−2,PtFe- CoNi@HCS and PtFeCoNiX@HCS (X = La, Mn, Cu, Mo) CoNiLa@HCSalwaysdemonstratesthelargestoverpotentialand materials are shown in Figure 3a.",5,CoFeMoNiPt
paper18.txt,PtFeCoNiX,188.0,,"The linear sweep voltammetry (LSV) curves of the PtFe- PtFeCoNiMo@HCS(188mV).Eventhrough100mAcm−2,PtFe- CoNi@HCS and PtFeCoNiX@HCS (X = La, Mn, Cu, Mo) CoNiLa@HCSalwaysdemonstratesthelargestoverpotentialand materials are shown in Figure 3a.",4,CoFeNiPt
paper2.txt,PtFeNiCuW,16.0,27.9,"In 0.5 H SO , Ru–PtFeNiCuW/CNTs KOH (𝜂 = 16 mV, Tafel slope = 27.9 mV dec−1, and j 2 4 10 0 catalyst achieves the lowest overpotential (𝜂 ) of 9 mV at = 0.264 mA cm−2), superior to that of Ru–PtFeNiCu/CNTs, 10 Adv.Mater.2024,36,2400433 2400433(5of12)",5,CuFeNiPtW
paper2.txt,PtFeNiCu,16.0,27.9,"In 0.5 H SO , Ru–PtFeNiCuW/CNTs KOH (𝜂 = 16 mV, Tafel slope = 27.9 mV dec−1, and j 2 4 10 0 catalyst achieves the lowest overpotential (𝜂 ) of 9 mV at = 0.264 mA cm−2), superior to that of Ru–PtFeNiCu/CNTs, 10 Adv.Mater.2024,36,2400433 2400433(5of12)",4,CuFeNiPt
paper2.txt,PtFeNiCuW,34.0,23.1,"Asanelectrocatalysttowardhydrogen alysts has demonstrated that surface and evolutionreaction(HER),Ru–PtFeNiCuW/CNTsexhibitslowoverpotentialsof interface engineering can modify the ac- 9,16,and34mVatacurrentdensityof10mAcm−2andTafelslopesof19.2, tive sites and regulate the adsorption– 27.9,and23.1mVdec−1inacidic,alkaline,andneutralelectrolytes, deso",5,CuFeNiPtW
paper20.txt,PdFeCoNiCu,18.0,,"The PdFeCoNiCu/C catalyst exhibits excellent HER the Fermi level are located near the positions of Co and Ni, activity with only 18 mV overpotential in 1 m KOH solution indicating potential electroactive sites in the initial water split- (Figure 5b).",5,CoCuFeNiPd
paper20.txt,FeCoPdIrPt,100.0,,"Pd regulates the hydrogen binding H* effectively mitigate the energy crisis by converting electrical energy on the surface of Pt.[80] Transition metals (Fe and Co) energy from renewable sources to chemical sources.[69,70] For and Pd can reduce the anti-bonding state of Pt, and more elec- the HER process (Figure 2a), the protons in the acidic medium",5,CoFeIrPdPt
paper4.txt,IrPdPtRhRu,17.0,,"Wesupposethatthelongcyclinglife geo (4.3),2.5(8.4),4.8(321.5),1.5(18.3),and1.6(15.2)timeshigher of IrPdPtRhRu HEA NPs might be derived from the high thanthoseofthemonometallicRu,Rh,Pd,Ir,andPtcatalysts corrosionresistanceofHEAalloys.4 inacidic(alkaline)solution,respectively(Fig.4bande).Onan It is widely accepted that the intrinsic HER activities of",5,IrPdPtRhRu
paper4.txt,IrPdPtRhRu,50.0,,"At an superior stability of IrPdPtRhRu HEA NPs compared with the geo overpotentialof50mV,thej ofIrPdPtRhRuHEANPsis3.4 commercialPt/Ccatalyst.",5,IrPdPtRhRu
paper5.txt,PdMoGaInNi,13.0,,"The PdMoGaInNi HEA nanosheets exhibitahighHERactivitywithlowoverpotentialsof13mVat10mA cm−2,outperformingcommercialPd/CandPt/Ccatalysts.",5,GaInMoNiPd
paper6.txt,PtIrNiCoFeZn,5.0,,Theoverpotentialonlyincreasedby5mVafter50hof 2.2.ElectrocatalyticHERPerformancesofPtIrNiCoFeZnHEA stabilitytestingatacurrentdensityof100mAcm−2(Figure3f).It provesthelong-termstabilityofPtIrNiCoFeZnHEAnanoparti- Motivated by the attractive structure of senary PtIrNiCoFeZn cleswhensubjectedtotheappliedexternalconditions.,6,CoFeIrNiPtZn
paper6.txt,PtIrNiCoFe,12.0,,"EvaluationofthealkalineelectrocatalyticHERperformanceoftheas-preparedelectrocatalysts.a)Linearsweepvoltammetry(LSV)curves ofPtIrNiCoFeZn,PtIrNiCoFe,andcommercialPt/C(20%)in1mKOHelectrolyte.b)CorrespondingTafelslopeoftheas-preparedelectrocatalysts calculatedfromthechronoamperometrycurves.c)EISNyquistplotsoftheelectrocatalysts.d)Electrochemicaldouble",5,CoFeIrNiPt
paper6.txt,PtIrNiCoFeZn,55.0,,A similar result 2 acurrentdensityof10/100mAcm−2requiresanextremelylow is obtained when H adsorption on the PtIrNiCoFeZn-V-Pt ac- overpotentialdownto10/55mVwiththeTafelslopevalueofjust tivesiteoccurs.,6,CoFeIrNiPtZn
paper7.txt,PdPtRhIrCu,15.0,,"The Presently, some reported advanced mate- synthesizedHEA-PdPtRhIrCumetalleneexhibitssuperiorHERperformance rials have been widely utilized to pro- ina1mKOHsolution,wheretherequiredoverpotentialofHEA-PdPtRhIrCu mote electrocatalytic HER under alkaline metalleneisonly15mVtoreachacurrentdensityof−10mAcm−2while conditions.[6]",5,CuIrPdPtRh
paper7.txt,PdPtRhIrCu,15.0,37.0,"The excellent HER Acknowledgements performance for HEA-PdPtRhIrCu metallene reveals an ul- tralowoverpotentialof15mV(−10mAcm−2),aTafelslopeof This work was financially supported by the National Natural Sci- 37mVdec−1aswellasexcellentdurabilityandstabilityinalkaline ence Foundation of China (No. 21972126, 21978264, 21905250, and solutions.",5,CuIrPdPtRh
