clean_formula,overpotential_mV,tafel_mV_per_dec,paper,n_metals
AlCoCuFeNi,9.7,56.9,paper51.txt,5
FeNiPt,10.0,,paper13.txt,3
CoFeIrNiPt,12.0,,paper6.txt,5
MoNiPdPtRh,12.0,,paper1.txt|paper58.txt,5
GaInMoNiPd,13.0,,paper5.txt,5
AuCoFeNiPd,13.0,,paper16.txt,5
CuIrPdPtRh,15.0,37.0,paper7.txt,5
CuFeNiPt,16.0,27.9,paper2.txt,4
IrMoPdSnZn,17.0,,paper16.txt,5
CoCuFeNiPd,18.0,,paper14.txt|paper20.txt,5
CuFeNiPtW,25.0,25.5,paper2.txt,5
CoFeIrNiPtZn,30.0,,paper6.txt,6
IrPdPtRhRu,33.5,,paper4.txt,5
IrMoSnZn,34.85,,paper16.txt,4
MoPdRh,42.0,82.0,paper11.txt,3
CoMnNiPdPt,48.7,,paper10.txt,5
CoFeIrPdPt,100.0,,paper20.txt,5
IrPdPt,119.0,20.5,paper15.txt,3
FeNiZn,271.74,,paper35.txt,3
CoCrFeMoNi,303.1,,paper55.txt,5
