formula,target_mV,source,n_metals
Co22Fe23Mn14Ni22Ru19,5.0,gorsse,5
Co27Cu21Mo24Ni28,6.0,gorsse,4
Co22Cu20Fe16Mo20Ni22,7.0,gorsse,5
Co25Fe25Ni25Ru25,8.0,gorsse,4
Co26Mo7Ni28Pt25Ru14,9.5,gorsse,5
Mo6Ni5Pd23Pt23Rh43,9.7,gorsse,5
Al1Co13Cu23Fe14Mn4Ni45,9.7,gorsse,6
Al20Cu20Fe20Mo20Ni20,9.7,gorsse,5
AlCoCuFeNi,9.7,custom_nlp,5
FeNiPt,10.0,custom_nlp,3
Co22Cu19Fe20Ni20Pt19,10.8,gorsse,5
CoCuFeNiPt,11.0,custom_nlp,5
AlCoMoNiRu,11.0,custom_nlp,5
PtRhSn,11.0,custom_nlp,3
Co14Cu27Fe15Ni26Pt18,11.0,gorsse,5
MoNiPdPtRh,11.08,custom_nlp,5
GaInMoNiPd,11.75,custom_nlp,5
CoFeIrNiPt,12.0,custom_nlp,5
Ir20Pd16Pt9Rh26Ru29,13.0,gorsse,5
Cu24Fe26Ni25Pt10Rh15,13.0,gorsse,5
AuCoFeNiPd,13.0,custom_nlp,5
Co29Cu8Fe14Ni35Pt14,13.7,gorsse,5
Co12Fe9Mn25Mo31Ni23,14.0,gorsse,5
CoCuFeMnMoNi,14.333333333333334,custom_nlp,6
Co22Fe17Mg13Ni30Pt18,14.4,gorsse,5
Ir32Mo8Pd25Rh30W5,15.0,gorsse,5
CuIrNiPdPt,15.0,custom_nlp,5
CuIrPdPtRh,15.0,custom_nlp,5
Cu20Ir5Pd34Pt21Rh20,15.0,gorsse,5
Co50Fe11Mn8Ni16W15,15.0,gorsse,5
Co20Cu20Fe20Ni20Pt20,15.3,gorsse,5
CoCuFeNi,15.5,custom_nlp,4
Mo6Ni10Pd33Pt33Rh18,15.9,gorsse,5
Pd25Pt25Rh25Ru25,16.0,gorsse,4
Co22Fe17Ni30Pt18W13,16.2,gorsse,5
Co7Mo8Pd23Pt35Rh27,16.5,gorsse,5
CuFeNiPtW,16.6,custom_nlp,5
IrNiPt,16.9,custom_nlp,3
IrMoPdSnZn,17.0,custom_nlp,5
Co13Ir23Ni37Pt10Ru17,18.0,gorsse,5
Co12Ni20Pt32Rh25Ru11,18.0,gorsse,5
Co20Cu17Fe21Ni22Pd19,18.0,gorsse,5
Al19Co23Ir23Mo13Ni21,18.5,gorsse,5
Co11Cu20Ni15Pt32Rh22,19.0,gorsse,5
Ag20Au20Cu20Pd20Pt20,20.0,gorsse,5
Co29Cu26Fe19Mo26,20.0,gorsse,4
Ir25Pd25Rh25Ru25,20.0,gorsse,4
Ir23Pd19Pt17Rh20Ru21,20.0,gorsse,5
Cu31Fe5Mo9Ni20Pt34Ru1,20.0,gorsse,6
Co21Cu11Fe13Ni13Pt42,20.0,gorsse,5
Mo6Ni14Pd27Pt27Rh26,20.1,gorsse,5
Co22Cr13Fe17Ni30Pt18,20.1,gorsse,5
Cu24Fe23Mo24Ni28,21.0,gorsse,4
Co22Cu19Fe15Ir7Ni26Pt12,21.0,gorsse,6
Ni49Pt21Rh30,22.0,gorsse,3
Co2Cu48Mo10Ni37W3,22.0,gorsse,5
Mo6Ni40Pd24Pt18Rh12,22.2,gorsse,5
Co24Mn16Ni21Pd29Pt10,22.6,gorsse,5
AlCoFeNiZr,22.6,custom_nlp,5
Ag14Au14Cu14Ir14Pd14Pt14Ru14,23.0,gorsse,7
Cu28Pd26Pt18Rh14Ru14,23.3,gorsse,5
Co14Mn15Ni14Pd41Pt15,23.9,gorsse,5
Al20Co20Mo20Ni20Ru20,24.5,gorsse,5
Al33Ni33Ru33,25.2,gorsse,3
Al25Co25Ni25Ru25,25.8,gorsse,4
Co26Fe25Ni27Pt15Rh8,27.0,gorsse,5
Co25Ir14Mn24Ni26Zn11,27.3,gorsse,5
CoFeNiPtRh,28.0,custom_nlp,5
Ir15Mo13Rh20Ru29W22,28.0,gorsse,5
Co3Mn18Ni41Pd24Pt15,29.0,gorsse,5
Co26Cu25Fe22Ni21Pd7,29.7,gorsse,5
Al20Co20Cu20Ni20Ru20,30.0,gorsse,5
MoNiPdRu,30.0,custom_nlp,4
Co8Mn13Ni43Pd21Pt15,30.2,gorsse,5
CoCuFeNiTi,31.0,custom_nlp,5
Co23Fe25Ir16Ni24Zn12,31.8,gorsse,5
Co21Cu11Fe13Ni12Pt44,32.0,gorsse,5
Al10Co9Cu36Fe8Mn6Ni31,32.7,gorsse,6
Co30Ir23Ni31Zn16,32.8,gorsse,4
Co25Fe10Mo20Ni35W10,35.0,gorsse,5
Co6Mn17Ni63Pd5Pt10,35.2,gorsse,5
Ir35Ni45Zn20,35.5,gorsse,3
Ag6Al22Au6Co6Cu6Fe6Ir6Mo6Ni6Pd6Pt6Rh6Ru6,36.0,gorsse,13
Co6Mo8Pd34Pt27Rh25,36.1,gorsse,5
Ag20Au20Cu20Ir20Ru20,37.0,gorsse,5
CoFeNiPtRu,37.871428571428574,custom_nlp,5
Co13Mn21Ni47Pd10Pt9,38.0,gorsse,5
Co26Fe20Mo26Ni28,38.0,gorsse,4
IrPdPtRhRu,38.5,custom_nlp,5
Co32Fe23Ni34Ru11,40.0,gorsse,4
Co24Mo17Ni24Ru7W28,40.0,gorsse,5
CoFeIrMnNiPt,41.0,custom_nlp,6
CoFeIrNiPtZn,41.25,custom_nlp,6
Co17Fe18Ir21Pd21Pt22,42.0,gorsse,5
Ag7Al23Au7Co7Cu7Fe7Ir7Ni7Pd7Pt7Rh7Ru7,42.0,gorsse,12
Co10Cu70Fe10Ni10,42.2,gorsse,4
Ir22Pd17Pt25Rh22Ru14,42.7,gorsse,5
Al20Co20Fe20Ni20Ru20,45.5,gorsse,5
Ir14Pd29Pt22Rh20Ru15,45.9,gorsse,5
CoCuNi,47.0,custom_nlp,3
Co19Cu12Fe13Ni13Pt43,47.0,gorsse,5
CoMnNiPdPt,48.7,custom_nlp,5
Ir37Rh28Ru35,49.0,gorsse,3
Co20Fe20Mn20Ni20Ru20,50.0,gorsse,5
Cu34Fe4Mo11Ni10Pt41,51.0,gorsse,5
Al25Cu25Mo25Ni25,53.0,gorsse,4
AlCuFeMoNi,56.0,custom_nlp,5
Al95Co1Cr4,57.8,gorsse,3
Ir27Pd18Pt21Rh20Ru15,58.0,gorsse,5
Co24Cu23Fe31Ni22,58.0,gorsse,4
Co34Cu28Ni30Pd8,60.3,gorsse,4
Co32Cu35Fe28Pd6,63.1,gorsse,4
CoFeMoNi,64.9,custom_nlp,4
CoCrCuFeNiPt,65.9,custom_nlp,6
CoFeIrPdPt,66.0,custom_nlp,5
Co33Fe29Ni31Pd7,67.2,gorsse,4
Co27Mn30Ni21Pt22,68.6,gorsse,4
IrMoRhRuW,70.0,custom_nlp,5
ReRuSn,70.07,custom_nlp,3
CoFeMnMoRu,71.0,custom_nlp,5
Co29Cu14Fe29Ni29,71.0,gorsse,4
Al17Co12Cu23Fe11Mn10Ni27,71.3,gorsse,6
Al17Au17Cu17Ni17Pd17Pt16,72.8,gorsse,6
Co47Mn14Ni12Pd27,73.0,gorsse,4
Co7Cu7Fe7Ni80,73.5,gorsse,4
CoCuFeNiPd,78.66666666666667,custom_nlp,5
Co20Fe11Mo19Ni38W12,81.0,gorsse,5
Co16Mn23Ni29Pd23Pt9,82.7,gorsse,5
Co18Cr14Cu28Fe22Ni18,84.0,gorsse,5
Co14Mn23Ni31Pd25Pt6,84.7,gorsse,5
Co17Cu17Fe17Mn17Ni17Ru17,89.0,gorsse,6
IrMoSnZn,90.56666666666666,custom_nlp,4
Co7Fe7Ni87,95.1,gorsse,3
Au20Pd20Pt20Rh20Ru20,95.3,gorsse,5
FeMoNi,97.0,custom_nlp,3
Al27Co23Cr12Fe26Ni13,100.0,gorsse,5
IrNiTa,100.0,custom_nlp,3
CoCrFeMoNi,100.0,custom_nlp,5
Al37Co24Cr4Fe19Ni15,115.6,gorsse,5
Co25Cu23Fe24Ni28,116.7,gorsse,4
IrPdPt,119.0,custom_nlp,3
Co22Cu17Mg20Ni22Zn18,120.0,gorsse,5
Al55Co9Cr18Fe9Ni9,125.0,gorsse,5
Cu33Fe33Ni33,131.0,gorsse,3
Al14Co12Cu26Fe11Mn8Ni29,144.0,gorsse,6
Co54Mn22Ni24,156.0,gorsse,3
Co20Cr20Fe20Mo20Ni20,156.7,gorsse,5
Co22Cu18Mg19Ni22Zn18,158.0,gorsse,5
Co19Cu18Fe8Mn36Ni19,160.0,gorsse,5
Co25Cr25Fe25Ni25,160.5,gorsse,4
Co23Cu18Mg19Ni23Zn18,172.0,gorsse,5
Co36Cr15Fe20Mo10Ni19,172.0,gorsse,5
Al15Co11Cu27Fe10Mn9Ni28,178.0,gorsse,6
Co20Fe10Mo25Ni35W10,181.0,gorsse,5
Co20Fe20Mn20Ni20Zn20,184.0,gorsse,5
Co22Cu18Mg19Ni23Zn18,189.0,gorsse,5
Co24Fe34Mn23Ni18,193.0,gorsse,4
Al33Cu33Ni33,202.0,gorsse,3
Co16Fe13Mo28Ni34W10,214.0,gorsse,5
Co20Fe20Mn20Mo20Ni20,218.0,gorsse,5
Co25Fe25Mn25Ni25,228.0,gorsse,4
Co36Fe12Mo9Ni30W13,232.0,gorsse,5
Al10Co33Cr11Fe12Ni32W2,246.0,gorsse,6
Co21Cr17Fe20Mn22Ni20,248.0,gorsse,5
Co35Fe10Mo10Ni35W10,250.0,gorsse,5
Co31Cr15Fe13Mo32Ni9,253.0,gorsse,5
Co30Fe10Mo15Ni35W10,269.0,gorsse,5
Co18Cu18Fe18Mn18Mo9Ni18,275.0,gorsse,6
Co20Cu20Fe20Mo20Ni20,286.0,gorsse,5
Co20Cu20Fe20Mn20Ni20,290.0,gorsse,5
Al24Co16Cu15Fe16Mn13Ni16,291.0,gorsse,6
Co33Fe33Ni33,295.0,gorsse,3
Co25Fe19Mo18Ni24W14,308.0,gorsse,5
Co19Cu21Fe21Mn19Ni20,313.5,gorsse,5
Co17Cu17Fe17Mn17Mo17Ni17,315.0,gorsse,6
Co14Fe14Mn52Mo6Ni14,322.0,gorsse,5
Ag33Au33Cu33,363.0,gorsse,3
Co15Cu15Fe15Mn15Mo23Ni15,385.0,gorsse,6
