paper,catalyst_formula,overpotential_mV,tafel_mV_per_dec,sentence
paper1.txt,PtMoPdRhNi,9.7,,"Through the exploration of the atomic ratio of PtMoPdRhNi, the obtained Pt Mo Pd Rh Ni NCswiththestrongestd–delectroninteractiondisplaythehighestalkalinehydro- 28 6 28 27 15 gen evolution reaction (HER) activity, with the overpotential as low as 9.7 mV at a current density of (cid:2)10 mA cm(cid:2)2."
paper1.txt,PtMoPdRhNi,16.6,,"4a, both PtMoPdRhNi loss is negligible and the overpotential at (cid:2)10 mA cm(cid:2)2 is NPsandPtMoPdRhNiNCsexhibitenhancedHERactivityover 16.6 mV, which is a negative shift by 6.9 mV compared to the commercialPt/C,andthePtMoPdRhNiNCspossessextremely initialvalue(Fig.4e).TheSTEMimagesofPt Mo Pd Rh Ni 28 6 28 27 15 enhanced HER performance compare"
paper1.txt,PtMoPdRhNiNPs,,,"In the 2 Alkaline water electrolysis is of paramount significance in followingstep,theH*atomcombineswithanelectronandH O 2 the treatmentofexcretedalkaline waterinindustries, suchas to form a hydrogen molecule (H* + H O + e(cid:2) - H + OH(cid:2), 2 2 water-alkaliandchlor-alkalielectrolyzers.38Toassessthecata- Heyrovskystep)ortwoH*atomsaredirectlybo"
paper2.txt,PtFeNiCu,13.0,19.2,"(13mV),Ru–PtFeNiCu/CNTs(58mV),Ru–PtFeNiCu-CO/CNTs tialofW3+/W0pair(0.100V)thanPt2+/Pt(1.180V)andCu2+/Cu (18mV),andPtFeNiCuW/CNTs(57mV).Ru–PtFeNiCuW/CNTs (0.342V),thegalvanicreplacementof(Cu2++W0⇌Wn++Cu0) exhibits a Tafel slope of 19.2 mV dec−1, lower than that of and(Pt2++W0⇌Wn++Pt0)notonlypromotestheinitialcon- Ru−PtFeNiCu-CO/CNTs(26.6mVdec−1),Pt/"
paper2.txt,PtFeNiCuW,13.0,19.2,"(13mV),Ru–PtFeNiCu/CNTs(58mV),Ru–PtFeNiCu-CO/CNTs tialofW3+/W0pair(0.100V)thanPt2+/Pt(1.180V)andCu2+/Cu (18mV),andPtFeNiCuW/CNTs(57mV).Ru–PtFeNiCuW/CNTs (0.342V),thegalvanicreplacementof(Cu2++W0⇌Wn++Cu0) exhibits a Tafel slope of 19.2 mV dec−1, lower than that of and(Pt2++W0⇌Wn++Pt0)notonlypromotestheinitialcon- Ru−PtFeNiCu-CO/CNTs(26.6mVdec−1),Pt/"
paper2.txt,FeNiCuW,13.0,19.2,"(13mV),Ru–PtFeNiCu/CNTs(58mV),Ru–PtFeNiCu-CO/CNTs tialofW3+/W0pair(0.100V)thanPt2+/Pt(1.180V)andCu2+/Cu (18mV),andPtFeNiCuW/CNTs(57mV).Ru–PtFeNiCuW/CNTs (0.342V),thegalvanicreplacementof(Cu2++W0⇌Wn++Cu0) exhibits a Tafel slope of 19.2 mV dec−1, lower than that of and(Pt2++W0⇌Wn++Pt0)notonlypromotestheinitialcon- Ru−PtFeNiCu-CO/CNTs(26.6mVdec−1),Pt/"
paper2.txt,PtFeNiCuW,16.0,27.9,"In 0.5 H SO , Ru–PtFeNiCuW/CNTs KOH (𝜂 = 16 mV, Tafel slope = 27.9 mV dec−1, and j 2 4 10 0 catalyst achieves the lowest overpotential (𝜂 ) of 9 mV at = 0.264 mA cm−2), superior to that of Ru–PtFeNiCu/CNTs, 10 Adv.Mater.2024,36,2400433 2400433(5of12)"
paper2.txt,PtFeNiCu,16.0,27.9,"In 0.5 H SO , Ru–PtFeNiCuW/CNTs KOH (𝜂 = 16 mV, Tafel slope = 27.9 mV dec−1, and j 2 4 10 0 catalyst achieves the lowest overpotential (𝜂 ) of 9 mV at = 0.264 mA cm−2), superior to that of Ru–PtFeNiCu/CNTs, 10 Adv.Mater.2024,36,2400433 2400433(5of12)"
paper2.txt,PtFeNiCuW,34.0,23.1,"Asanelectrocatalysttowardhydrogen alysts has demonstrated that surface and evolutionreaction(HER),Ru–PtFeNiCuW/CNTsexhibitslowoverpotentialsof interface engineering can modify the ac- 9,16,and34mVatacurrentdensityof10mAcm−2andTafelslopesof19.2, tive sites and regulate the adsorption– 27.9,and23.1mVdec−1inacidic,alkaline,andneutralelectrolytes, deso"
paper2.txt,PtFeNiCuW,,,"PtFeNiCuW octahedron environment,intermsofTafelslopeand𝜂 ."
paper2.txt,PtFeNiCu,,,"SO electrolyte.a)HERpolarizationcurves(normalizedbygeometricareaofelectrode),b)Tafelplots,c)the 2 4 histogramforTafelslopesandexchangecurrentdensities,andd)ECSA-normalizedHERpolarizationcurvesofcommercialPt/C,Ru–PtFeNiCuW/CNTs, Ru–PtFeNiCu/CNTs,Ru–PtFeNiCu-CO/CNTs,andPtFeNiCuW/CNTs.e)QuantitativecomparisonsofthemassactivityofRu–PtFeNiCuW/CNTsand co"
paper4.txt,IrPdPtRhRu,17.0,,"Wesupposethatthelongcyclinglife geo (4.3),2.5(8.4),4.8(321.5),1.5(18.3),and1.6(15.2)timeshigher of IrPdPtRhRu HEA NPs might be derived from the high thanthoseofthemonometallicRu,Rh,Pd,Ir,andPtcatalysts corrosionresistanceofHEAalloys.4 inacidic(alkaline)solution,respectively(Fig.4bande).Onan It is widely accepted that the intrinsic HER activities of"
paper4.txt,IrPdPtRhRu,50.0,,"At an superior stability of IrPdPtRhRu HEA NPs compared with the geo overpotentialof50mV,thej ofIrPdPtRhRuHEANPsis3.4 commercialPt/Ccatalyst."
paper5.txt,PdMoGaInNi,13.0,,"The PdMoGaInNi HEA nanosheets exhibitahighHERactivitywithlowoverpotentialsof13mVat10mA cm−2,outperformingcommercialPd/CandPt/Ccatalysts."
paper5.txt,PdMoGaInNi,,,", PdMoGaInNi exhibited great stability while it chronoamperometry (CA).25 The Tafel slopes and exchange outperformed Pt/C and Pd/C in HER activity, offering a current densities are summarized in Table S2 and Figure S17."
