formula,predicted_mV,norm,is_novel,has_expensive
Mo13W21Si7Cu23Mg22,-2.8449478,CuMgMoSiW,True,False
Mo20Ni18Mg24Si9W24,-2.125496,MgMoNiSiW,True,False
Cu25Mo22Mg6Si6W13,-1.6096878,CuMgMoSiW,True,False
Ni18Si8W14Mg15Mo21,-1.522583,MgMoNiSiW,True,False
Si6Mg24W19Ti14Mo11,0.48382568,MgMoSiTiW,True,False
Mg6Al19W19Si9Mo8,0.607254,AlMgMoSiW,True,False
Si16Mo21W22Co6Mg11,0.8830185,CoMgMoSiW,True,False
Fe5Mg19W16Si22Mo10,2.3680878,FeMgMoSiW,True,False
Cu25Si5Fe5W10Mg17,3.540451,CuFeMgSiW,True,False
W15V7Mg22Mo13Si10,3.586914,MgMoSiVW,True,False
