formula,predicted_mV,norm,is_novel
Mn13Cu5Co22W19Ni6,24.365715,CoCuMnNiW,True
Ni6Cu5W14Mn16Co21,24.611221,CoCuMnNiW,True
Cu5Co7Ni24Mn23W22,24.697403,CoCuMnNiW,True
Co19W23Cu6Ni6Mn19,25.027184,CoCuMnNiW,True
Cu23Ni12Fe5Mo7Co25,25.146973,CoCuFeMoNi,True
Ni15W23Cu5Co5Mn19,25.210297,CoCuMnNiW,True
W24Co5Cu7Ni24Mn5,25.24736,CoCuMnNiW,True
Co6Ni17Mn12W20Cu5,25.3536,CoCuMnNiW,True
Co21Mn20Cu12W25Ni5,25.36602,CoCuMnNiW,True
Mn17Ni5Cu6W16Co14,25.36998,CoCuMnNiW,True
W25Co7Mn16Ni23Cu8,25.414711,CoCuMnNiW,True
Ni16Co7W22Cu5Mn17,25.417099,CoCuMnNiW,True
W16Ni6Cu9Mn24Co23,25.575958,CoCuMnNiW,True
Cu8Co18Ni9W24Mn23,25.659348,CoCuMnNiW,True
Ni5Mn22Co22Cu6W9,25.693123,CoCuMnNiW,True
Cu7W25Fe24Mn13Co5,25.74704,CoCuFeMnW,True
Ni6Cu21W25Mn14Co7,25.752579,CoCuMnNiW,True
Mn21Ni5Co21W18Cu12,25.771988,CoCuMnNiW,True
Mn14W25Cu6Ni22Co11,25.87777,CoCuMnNiW,True
Co5Cu11Ni18Mn16W22,25.989716,CoCuMnNiW,True
